Grafo,Cluster,Vertices
1,1,"0,4,7,9,1,2,3,6,11,24,29,12,25,30,34,35,28,10,5,18,44,46,17,19,21,26,23,39,20,27,31,36,48,16,37,40,49,45,47,8,13,38,42,43,32,33,15,14,22,41"
1,2,"50,52,76,54,58,65,51,56,85,75,74,97,71,82,67,69,53,80,81,79,89,92,94,55,66,84,78,61,88,95,96,99,63,73,91,90,86,77,57,93,60,59,62,64,68,87,98,106,119"
1,3,"70,127,123,72,133,83,101,113,121,142,149,138,126,146,111,128,103,116,137,147,110,115,145,112,120,124,140,104,132,143,144,139,141,148,136,100,102,105,122,107,130,108,109,114,117,118,125,129,131,134,135"
2,1,"0,4,7,9,1,2,3,6,11,17,10,5,18,19,16,33,15,32,46,21,26,23,31,20,27,28,35,12,25,29,24,30,34,39,37,40,49,45,47,8,13,38,42,48,36,43,44,14,22,41"
2,2,"50,52,76,54,58,65,51,56,85,75,74,97,61,78,55,66,84,96,67,69,53,80,81,79,89,59,82,71,92,94,88,95,99,90,63,73,91,86,77,57,93,60,98,62,64,68,87,106,119"
2,3,"70,127,123,72,133,83,101,113,121,142,149,138,126,146,111,103,116,128,104,124,112,120,139,141,145,115,110,147,137,136,148,140,143,144,132,100,102,125,129,105,122,107,130,108,109,114,117,118,131,134,135"
3,1,"0,4,7,9,1,2,3,6,11,17,10,5,16,19,21,26,23,31,20,27,28,35,12,25,29,24,30,34,39,37,40,49,45,47,8,13,38,42,46,32,33,15,44,48,36,43,18,14,22,41"
3,2,"50,52,76,54,58,65,51,56,85,75,74,97,61,71,82,67,69,53,80,81,79,89,59,92,94,55,66,84,96,88,95,99,78,63,73,91,90,86,77,57,93,60,98,62,64,68,87,106,119"
3,3,"70,127,123,72,133,83,101,113,121,142,149,138,126,146,111,103,116,128,104,124,112,120,102,125,129,139,141,145,115,110,147,137,136,148,140,143,144,132,100,105,122,107,130,108,109,114,117,118,131,134,135"
